
use master
go
IF DB_ID('QLHS') IS NOT NULL
	DROP DATABASE QLHS
GO
CREATE DATABASE QLHS
GO
USE QLHS
GO

CREATE TABLE ACCOUNT
(
	UserName Varchar(10) NOT NULL PRIMARY KEY,
	Displayname varchar(20) DEFAULT N'KATTHY',
	PassWord varchar(10) DEFAULT 0,
	Type int NOT NULL DEFAULT 0
)

CREATE TABLE HOCSINH
(
	MaHocSinh varchar(10),
	TenHocSinh nvarchar(50),
	NgaySinh Date,
	DiaChi nvarchar(50),
	Email nvarchar(50),
	GioiTinh nvarchar(50)
	
	CONSTRAINT PK_HOCSINH
	PRIMARY KEY(MaHocSinh) 
)
CREATE TABLE PHANLOP
(
	MaPhanLop varchar(10),
	MaLop varchar(10),
	MaHocSinh varchar(10),
	MaHocKy varchar(10)
	
	CONSTRAINT PK_PHANLOP
	PRIMARY KEY(MaPhanLop)
)
CREATE TABLE LOP
(
	MaLop varchar(10),
	TenLop nvarchar(50),
	MaKhoi varchar(10),	
	SiSo int

	CONSTRAINT PK_LOP
	PRIMARY KEY(MaLop)
)
CREATE TABLE KHOI
(
	MaKhoi varchar(10),
	TenKhoi nvarchar(50)

	CONSTRAINT PK_DKGIANGDAY
	PRIMARY KEY(MaKhoi)
)
CREATE TABLE MONHOC
(
	MaMonHoc varchar(10),
	TenMonHoc nvarchar(50)

	CONSTRAINT PK_MONHOC
	PRIMARY KEY(MaMonHoc)
)
CREATE TABLE HOCKY
(
	MaHocKy varchar(10),
	HocKy varchar(10),
	MaNamHoc varchar(10)
	CONSTRAINT PK_HOCKY
	PRIMARY KEY(MaHocKy)
)

CREATE TABLE NAMHOC
(
	MaNamHoc varchar(10),
	NamHoc Date
	CONSTRAINT PK_NAMHOC
	PRIMARY KEY(MaNamHoc)
)

CREATE TABLE CT_BANGDIEMMONHOC
(
	MaCTBangDiemMon varchar(10),
	MaKetQuaMonHoc varchar(10),	
	MaMonHoc varchar(10),
	Diem15 float,
	Diem1Tiet float,
	DiemCuoiHocKy float
	

	CONSTRAINT PK_CT_BANGDIEM
	PRIMARY KEY(MaCTBangDiemMon)

)
CREATE TABLE KETQUAMONHOC
(
	MaKetQuaMonHoc varchar(10),
	MaPhanLop varchar(10),
	MaHocKy varchar(10),
	DiemTBMon float

	CONSTRAINT PK_KETQUAMONHOC
	PRIMARY KEY(MaKetQuaMonHoc)
)

CREATE TABLE KETQUAHOCKY
(
	MaKetQuaHK varchar(10),
	MaPhanLop varchar(10),
	DiemTBHocKy float
	CONSTRAINT PK_KETQUHOCKY
	PRIMARY KEY(MaKetQuaHK)
)

CREATE TABLE THAMSO
(
	TuoiHocSinhToiDa INT,
	TuoiHocSinhToiThieu INT,
	SiSoLopToiDa INT,
	SoLuongLopKhoi10 int,
	SoLuongLopKhoi11 int,
	SoLuongLopKhoi12 int,
	SoLuongMonHoc INT,
	SoHocKy int,
	DiemDat float
)

--FOREIGN KEY
-- PHANLOP_LOP
ALTER TABLE PHANLOP
ADD
	CONSTRAINT FK_PHANLOP_LOP
	FOREIGN KEY(MaLop)
	REFERENCES LOP(MaLop),
	CONSTRAINT FK_PHANLOP_HOCSINH
	FOREIGN KEY(MaHocSinh)
	REFERENCES HOCSINH(MaHocSinh)

-- LOP_KHOI
ALTER TABLE LOP
ADD
	CONSTRAINT FK_LOP_KHOI
	FOREIGN KEY (MaKhoi)
	REFERENCES KHOI (MaKhoi)

	-- KETQUAMONHOC_HOCKY
ALTER TABLE	KETQUAMONHOC	
ADD
	CONSTRAINT FK_KETQUAMONHOC_HOCKY
	FOREIGN KEY(MaHocKy)
	REFERENCES HOCKY (MaHocKy),

-- KETQUAMONHOC_PHANLOP	
	CONSTRAINT FK_KETQUAMONHOC_PHANLOP
	FOREIGN KEY(MaPhanLop)
	REFERENCES PHANLOP (MaPhanLop)

ALTER TABLE CT_BANGDIEMMONHOC
-- CT_BANGDIEMMONHOC_MONHOC
ADD	
	CONSTRAINT FK_CT_BANGDIEMMONHOC_MONHOC
	FOREIGN KEY(MaMonHoc)
	REFERENCES MONHOC (MaMonHoc),
-- CT_BANGDIEMMONHOC_KETQUAMONHOC
	CONSTRAINT FK_CT_BANGDIEMMONHOC_KETQUAMONHOC
	FOREIGN KEY(MaKetQuaMonHoc)
	REFERENCES KETQUAMONHOC (MaKetQuaMonHoc)

--INSERT DATA

INSERT INTO THAMSO(TuoiHocSinhToiDa, TuoiHocSinhToiThieu, SiSoLopToiDa, SoLuongLopKhoi10, SoLuongLopKhoi11, SoLuongLopKhoi12 ,SoLuongMonHoc,SoHocKy , DiemDat) 
VALUES (20, 15, 40, 4, 3, 2, 9, 2, 5)

INSERT INTO MONHOC(MaMonHoc, TenMonHoc)
VALUES	('MH001', N'Toán'),
		('MH002', N'Lý'),
		('MH003', N'Hóa'),
		('MH004', N'Sinh'),
		('MH005', N'Sử'),
		('MH006', N'Địa'),
		('MH007', N'Văn'),
		('MH008', N'Đạo đức'),
		('MH009', N'Thể dục')

INSERT INTO KHOI(MaKhoi, TenKhoi)
VALUES	('Khoi010','Khoi 10'),
		('Khoi011','Khoi 11'),
		('Khoi012','Khoi 12')

INSERT INTO NAMHOC(MaNamHoc, NamHoc)
VALUES	('2017-2018','2017'),
		('2018-2019','2018'),
		('2019-2020','2019')

INSERT INTO HOCKY(MaHocKy, HocKy, MaNamHoc)
VALUES	('HK1718_1','KH1', '2017-2018'),
		('HK1819_1','HK1', '2018-2019'),
		('HK1920_1','HK1', '2019-2020'),
		('HK1718_2','HK2', '2017-2018'),
		('HK1819_2','HK2', '2018-2019')

INSERT INTO LOP(MaLop,TenLop, MaKhoi)
VALUES	('LH101','10A1', 'Khoi010'),
		('LH102','10A2', 'Khoi010'),
		('LH103','10A3', 'Khoi010'),
		('LH104','10A4', 'Khoi010'),
		('LH111','11A1', 'Khoi011'),
		('LH112','11A2', 'Khoi011'),
		('LH113','11A3', 'Khoi011'),
		('LH121','12A1', 'Khoi012'),
		('LH122','12A2', 'Khoi012')

INSERT INTO HOCSINH(MaHocSinh, TenHocSinh, DiaChi, NgaySinh, Email, GioiTinh) VALUES  
(N'HS100100', N'Ngo Van M', N'TP Ho Chi Minh', '9/26/1999', 'ngovanm@gmail.com', N'Nam'), 
(N'HS100101', N'Nguyen Van S', N'Can Tho', '3/24/1999', 'nguyenvans@gmail.com', N'Nam'), 
(N'HS100102', N'Le Van N', N'TP Hai Phong', '6/12/1999', 'levann@gmail.com', N'Nam'), 
(N'HS100103', N'Le Thi P', N'TP Ho Chi Minh', '9/26/1999', 'lethip@gmail.com', N'Nữ'), 
(N'HS100104', N'Le Van J', N'Da Nang', '8/3/1999', 'levanj@gmail.com', N'Nam'), 
(N'HS100105', N'Nguyen Thi C', N'TP Hai Phong', '6/12/1999', 'nguyenthic@gmail.com', N'Nữ'), 
(N'HS100106', N'Nguyen Van X', N'Da Nang', '8/3/1999', 'nguyenvanx@gmail.com', N'Nam'), 
(N'HS100107', N'Nguyen Thi D', N'Can Tho',  '12/11/1999', 'nguyenthid@gmail.com', N'Nữ'), 
(N'HS100108', N'Nguyen Van C', N'TP Ha Noi',  '5/16/1999', 'nguyenvanc@gmail.com', N'Nam'), 
(N'HS100109', N'Le Van T', N'TP Hai Phong', '6/12/1999', 'levanguyenthi@gmail.com', N'Nam'), 
(N'HS100110', N'Ngo Van Y', N'Da Nang', '8/3/1999', 'nguyenvany@gmail.com', N'Nam'), 
(N'HS100111', N'Le Van X', N'TP Hai Phong', '6/12/1999', 'levanx@gmail.com', N'Nam'),
(N'HS100112', N'Ngo Van O', N'Da Nang', '8/3/1999', 'ngovano@gmail.com', N'Nam'), 
(N'HS100113', N'Le Thi I', N'Da Nang', '8/3/1999', 'lethii@gmail.com', N'Nữ'), 
(N'HS100114', N'Tran Thi P', N'Da Nang', '8/3/1999', 'tranguyenthihip@gmail.com', N'Nữ'), 
(N'HS100115', N'Tran Van J', N'TP Ha Noi',  '5/16/1999', 'tranvanj@gmail.com', N'Nam'), 
(N'HS100116', N'Phan Van M', N'TP Ha Noi',  '5/16/1999', 'phanvanm@gmail.com', N'Nam'), 
(N'HS100117', N'Le Thi Y', N'TP Hai Phong', '6/12/1999', 'lethiy@gmail.com', N'Nữ'), 
(N'HS100118', N'Phan Van R',N'Can Tho',  '12/11/1999', 'phanvanr@gmail.com', N'Nam'), 
(N'HS100119', N'Ngo Van G', N'Can Tho',  '12/11/1999', 'ngovang@gmail.com', N'Nam'), 
(N'HS100120', N'Le Van H', N'TP Hai Phong', '6/12/1999', 'levanh@gmail.com', N'Nam'), 
(N'HS100121', N'Tran Van G', N'Da Nang', '8/3/1999', 'tranvang@gmail.com', N'Nam'), 
(N'HS100122', N'Le Van E', N'Can Tho',  '12/11/1999', 'levane@gmail.com', N'Nam'), 
(N'HS100123', N'Phan Thi H', N'TP Hai Phong', '6/12/1999', 'phanthih@gmail.com', N'Nữ'), 
(N'HS100124', N'Nguyen Thi U', N'Can Tho',  '12/11/1999', 'nguyenthiu@gmail.com', N'Nữ'), 
(N'HS100125', N'Tran Van J', N'Can Tho',  '12/11/1999', 'tranvanj@gmail.com', N'Nam'), 
(N'HS100126', N'Tran Thi J', N'TP Ho Chi Minh', '9/26/1999', 'tranguyenthihij@gmail.com', N'Nữ'), 
(N'HS100127', N'Nguyen Thi C', N'Da Nang', '8/3/1999', 'nguyenthic@gmail.com', N'Nữ'), 
(N'HS100128', N'Le Thi I', N'Da Nang', '8/3/1999', 'lethii@gmail.com', N'Nữ'), 
(N'HS100129', N'Tran Thi G', N'TP Hai Phong', '6/12/1999', 'tranguyenthihig@gmail.com', N'Nữ'), 
(N'HS100130', N'Phan Van Y', N'TP Hai Phong', '6/12/1999', 'phanvany@gmail.com', N'Nam'), 
(N'HS100131', N'Tran Van F', N'TP Ho Chi Minh', '9/26/1999', 'tranvanf@gmail.com', N'Nam'), 
(N'HS100132', N'Phan Van P', N'Can Tho',  '12/11/1999', 'phanvanp@gmail.com', N'Nam'), 
(N'HS100133', N'Phan Van L', N'TP Hai Phong', '6/12/1999', 'phanvanl@gmail.com', N'Nam'), 
(N'HS100134', N'Phan Van F', N'Da Nang', '8/3/1999', 'phanvanf@gmail.com', N'Nam'), 
(N'HS100135', N'Ngo Van H', N'TP Ho Chi Minh', '9/26/1999', 'ngovanh@gmail.com', N'Nam'), 
(N'HS100136', N'Ngo Thi L', N'Da Nang', '8/3/1999', 'ngothil@gmail.com', N'Nữ'), 
(N'HS100137', N'Tran Van F', N'TP Ho Chi Minh', '9/26/1999', 'phanvanf@gmail.com', N'Nam'), 
(N'HS100138', N'Ngo Thi W', N'TP Ha Noi',  '5/16/1999', 'ngothiw@gmail.com', N'Nữ'), 
(N'HS100139', N'Ngo Thi P', N'TP Ha Noi',  '5/16/1999', 'ngothip@gmail.com', N'Nữ'), 
(N'HS100140', N'Le Van H', N'TP Ha Noi',  '5/16/1999', 'levanh@gmail.com', N'Nam'), 
(N'HS100141', N'Ngo Thi D', N'TP Ho Chi Minh', '9/26/1999', 'ngothid@gmail.com', N'Nữ'), 
(N'HS100142', N'Ngo Thi W', N'TP Hai Phong', '6/12/1999', 'ngothiw@gmail.com', N'Nữ'), 
(N'HS100143', N'Le Thi G', N'TP Ho Chi Minh', '9/26/1999', 'lethig@gmail.com', N'Nữ'), 
(N'HS100144', N'Tran Van L', N'TP Ho Chi Minh', '9/26/1999', 'tranvanl@gmail.com', N'Nam'), 
(N'HS100145', N'Tran Thi H', N'Can Tho',  '12/11/1999', 'tranguyenthihih@gmail.com', N'Nữ'), 
(N'HS100146', N'Le Van L', N'TP Ho Chi Minh', '9/26/1999', 'levanl@gmail.com', N'Nam'), 
(N'HS100147', N'Ngo Van V', N'Can Tho',  '12/11/1999', 'ngovanguyenvan@gmail.com', N'Nam'), 
(N'HS100148', N'Le Van I', N'TP Ha Noi',  '5/16/1999', 'levani@gmail.com', N'Nam'), 
(N'HS100150', N'Tran Van D', N'Can Tho',  '12/11/1999', 'tranvand@gmail.com', N'Nam'), 
(N'HS100151', N'Nguyen Van R', N'Can Tho',  '12/11/1999', 'nguyenvanr@gmail.com', N'Nam'), 
(N'HS100152', N'Le Thi L', N'TP Hai Phong', '6/12/1999', 'lethil@gmail.com', N'Nữ'), 
(N'HS100153', N'Ngo Van L', N'TP Ho Chi Minh', '9/26/1999', 'ngovanl@gmail.com', N'Nam'), 
(N'HS100154', N'Phan Van I', N'TP Ho Chi Minh', '9/26/1999', 'phanvani@gmail.com', N'Nam'), 
(N'HS100155', N'Ngo Thi A', N'Da Nang', '8/3/1999', 'ngothia@gmail.com', N'Nữ'), 
(N'HS100156', N'Ngo Thi K', N'TP Ho Chi Minh', '9/26/1999', 'ngothik@gmail.com', N'Nữ'), 
(N'HS100157', N'Phan Van S', N'TP Hai Phong', '6/12/1999', 'phanvans@gmail.com', N'Nam'),
(N'HS100158', N'Nguyen Thi S', N'TP Hai Phong', '6/12/1999', 'nguyenthis@gmail.com', N'Nữ'), 
(N'HS100159', N'Nguyen Thi U', N'Da Nang', '8/3/1999', 'nguyenthiu@gmail.com', N'Nữ'), 
(N'HS100160', N'Ngo Thi F', N'Can Tho',  '12/11/1999', 'nguyenthif@gmail.com', N'Nữ'), 
(N'HS100161', N'Le Van U', N'TP Ho Chi Minh', '9/26/1999', 'levanu@gmail.com', N'Nam'), 
(N'HS100162', N'Ngo Thi T', N'Da Nang', '8/3/1999', 'ngothit@gmail.com', N'Nữ'), 
(N'HS100163', N'Phan Thi O', N'Can Tho',  '12/11/1999', 'phanthio@gmail.com', N'Nữ'), 
(N'HS100164', N'Tran Thi F', N'TP Hai Phong', '6/12/1999', 'tranguyenthihif@gmail.com', N'Nam'), 
(N'HS100165', N'Nguyen Van H', N'TP Hai Phong', '6/12/1999', 'nguyenvanh@gmail.com', N'Nam'), 
(N'HS100166', N'Tran Van X', N'Da Nang', '8/3/1999', 'tranvanx@gmail.com', N'Nam'), 
(N'HS100167', N'Phan Van N', N'TP Hai Phong', '6/12/1999', 'phanvann@gmail.com', N'Nam'), 
(N'HS100168', N'Phan Thi H', N'Can Tho',  '12/11/1999', 'phanthih@gmail.com', N'Nam'), 
(N'HS100169', N'Ngo Van W', N'TP Ha Noi',  '5/16/1999', 'ngovanw@gmail.com', N'Nam'), 
(N'HS100170', N'Tran Thi L', N'TP Ho Chi Minh', '9/26/1999', 'tranguyenthihil@gmail.com', N'Nữ'), 
(N'HS100171', N'Phan Thi N', N'TP Ha Noi',  '5/16/1999', 'phanthin@gmail.com', N'Nữ'), 
(N'HS100172', N'Tran Van Q', N'Can Tho',  '12/11/1999', 'tranvanq@gmail.com', N'Nam'), 
(N'HS100173', N'Phan Thi B', N'Da Nang', '8/3/1999', 'phanthip@gmail.com', N'Nữ'), 
(N'HS100174', N'Ngo Thi I', N'TP Ha Noi',  '5/16/1999', 'nguyenthii@gmail.com', N'Nữ'), 
(N'HS100175', N'Tran Van P', N'Da Nang', '8/3/1999', 'tranvanp@gmail.com', N'Nam'), 
(N'HS100176', N'Le Van Q', N'Da Nang', '8/3/1999', 'levanq@gmail.com', N'Nam'), 
(N'HS100177', N'Le Thi N', N'TP Hai Phong', '6/12/1999', 'lethin@gmail.com', N'Nam'), 
(N'HS100178', N'Nguyen Thi D', N'TP Ho Chi Minh', '9/26/1999', 'nguyenthid@gmail.com', N'Nữ'), 
(N'HS100179', N'Nguyen Thi S', N'Can Tho',  '12/11/1999', 'nguyenthis@gmail.com', N'Nữ'), 
(N'HS100180', N'Ngo Thi I', N'Da Nang', '8/3/1999', 'ngothii@gmail.com', N'Nữ'), 
(N'HS100181', N'Ngo Thi A', N'Da Nang', '8/3/1999', 'ngothia@gmail.com', N'Nữ'), 
(N'HS100182', N'Le Thi P', N'Da Nang', '8/3/1999', 'lethip@gmail.com', N'Nữ'), 
(N'HS100183', N'Ngo Van E', N'TP Hai Phong', '6/12/1999', 'ngovane@gmail.com', N'Nam'), 
(N'HS100184', N'Le Thi V', N'TP Ha Noi',  '5/16/1999', 'lethiv84@gmail.com', N'Nữ'), 
(N'HS100185', N'Le Thi V', N'Da Nang', '8/3/1999', 'lethiv85@gmail.com', N'Nữ'), 
(N'HS100186', N'Le Van M', N'TP Ho Chi Minh', '9/26/1999', 'levanm@gmail.com', N'Nam'), 
(N'HS100187', N'Tran Thi U', N'TP Ho Chi Minh', '9/26/1999', 'tranguyenthihiu@gmail.com', N'Nam'), 
(N'HS100188', N'Ngo Van Q', N'Da Nang', '8/3/1999', 'ngovanq@gmail.com', N'Nam'), 
(N'HS100189', N'Le Van R', N'Can Tho',  '12/11/1999', 'levanr@gmail.com', N'Nam'), 
(N'HS100190', N'Tran Thi U', N'TP Ha Noi',  '5/16/1999', 'tranguyenthihiu@gmail.com', N'Nam') 

INSERT INTO PHANLOP(MaPhanLop, MaHocSinh, MaLop, MaHocKy) VALUES
(N'PL100100',N'HS100100', N'LH101', '2017-2018'), 
(N'PL100101',N'HS100101', N'LH101', '2017-2018'), 
(N'PL100102',N'HS100102', N'LH101', '2017-2018'), 
(N'PL100103',N'HS100103', N'LH101', '2017-2018'), 
(N'PL100104',N'HS100104', N'LH101', '2017-2018'), 
(N'PL100105',N'HS100105', N'LH101', '2017-2018'), 
(N'PL100106',N'HS100106', N'LH101', '2017-2018'), 
(N'PL100107',N'HS100107', N'LH101', '2017-2018'), 
(N'PL100108',N'HS100108', N'LH101', '2017-2018'), 
(N'PL100109',N'HS100109', N'LH101', '2017-2018'), 
(N'PL100110',N'HS100110', N'LH102', '2017-2018'), 
(N'PL100111',N'HS100111', N'LH102', '2017-2018'),
(N'PL100112',N'HS100112', N'LH102', '2017-2018'), 
(N'PL100113',N'HS100113', N'LH102', '2017-2018'), 
(N'PL100114',N'HS100114', N'LH102', '2017-2018'), 
(N'PL100115',N'HS100115', N'LH102', '2017-2018'), 
(N'PL100116',N'HS100116', N'LH102', '2017-2018'), 
(N'PL100117',N'HS100117', N'LH102', '2017-2018'), 
(N'PL100118',N'HS100118', N'LH102', '2017-2018'), 
(N'PL100119',N'HS100119', N'LH102', '2017-2018'), 
(N'PL100120',N'HS100120', N'LH103', '2017-2018'), 
(N'PL100121',N'HS100121', N'LH103', '2017-2018'), 
(N'PL100122',N'HS100122', N'LH103', '2017-2018'), 
(N'PL100123',N'HS100123', N'LH103', '2017-2018'), 
(N'PL100124',N'HS100124', N'LH103', '2017-2018'), 
(N'PL100125',N'HS100125', N'LH103', '2017-2018'), 
(N'PL100126',N'HS100126', N'LH103', '2017-2018'), 
(N'PL100127',N'HS100127', N'LH103', '2017-2018'), 
(N'PL100128',N'HS100128', N'LH103', '2017-2018'), 
(N'PL100129',N'HS100129', N'LH103', '2017-2018'), 
(N'PL100130',N'HS100130', N'LH104', '2018-2019'), 
(N'PL100131',N'HS100131', N'LH104', '2018-2019'), 
(N'PL100132',N'HS100132', N'LH104', '2018-2019'), 
(N'PL100133',N'HS100133', N'LH104', '2018-2019'), 
(N'PL100134',N'HS100134', N'LH104', '2018-2019'), 
(N'PL100135',N'HS100135', N'LH104', '2018-2019'), 
(N'PL100136',N'HS100136', N'LH104', '2018-2019'), 
(N'PL100137',N'HS100137', N'LH104', '2018-2019'), 
(N'PL100138',N'HS100138', N'LH104', '2018-2019'), 
(N'PL100139',N'HS100139', N'LH104', '2018-2019'), 
(N'PL100140',N'HS100140', N'LH111', '2018-2019'), 
(N'PL100141',N'HS100141', N'LH111', '2018-2019'), 
(N'PL100142',N'HS100142', N'LH111', '2018-2019'), 
(N'PL100143',N'HS100143', N'LH111', '2018-2019'), 
(N'PL100144',N'HS100144', N'LH111', '2018-2019'), 
(N'PL100145',N'HS100145', N'LH111', '2018-2019'), 
(N'PL100146',N'HS100146', N'LH111', '2018-2019'), 
(N'PL100147',N'HS100147', N'LH111', '2018-2019'), 
(N'PL100148',N'HS100148', N'LH111', '2018-2019'), 
(N'PL100150',N'HS100150', N'LH112', '2018-2019'), 
(N'PL100151',N'HS100151', N'LH112', '2018-2019'), 
(N'PL100152',N'HS100152', N'LH112', '2018-2019'), 
(N'PL100153',N'HS100153', N'LH112', '2018-2019'), 
(N'PL100154',N'HS100154', N'LH112', '2018-2019'), 
(N'PL100155',N'HS100155', N'LH112', '2018-2019'), 
(N'PL100156',N'HS100156', N'LH112', '2018-2019'), 
(N'PL100157',N'HS100157', N'LH112', '2018-2019'),
(N'PL100158',N'HS100158', N'LH112', '2018-2019'), 
(N'PL100159',N'HS100159', N'LH112', '2018-2019'), 
(N'PL100160',N'HS100160', N'LH113', '2018-2019'), 
(N'PL100161',N'HS100161', N'LH113', '2018-2019'), 
(N'PL100162',N'HS100162', N'LH113', '2018-2019'), 
(N'PL100163',N'HS100163', N'LH113', '2018-2019'), 
(N'PL100164',N'HS100164', N'LH113', '2018-2019'), 
(N'PL100165',N'HS100165', N'LH113', '2018-2019'), 
(N'PL100166',N'HS100166', N'LH113', '2018-2019'), 
(N'PL100167',N'HS100167', N'LH113', '2018-2019'), 
(N'PL100168',N'HS100168', N'LH113', '2018-2019'), 
(N'PL100169',N'HS100169', N'LH113', '2018-2019'), 
(N'PL100170',N'HS100170', N'LH121', '2019-2020'), 
(N'PL100171',N'HS100171', N'LH121', '2019-2020'), 
(N'PL100172',N'HS100172', N'LH121', '2019-2020'), 
(N'PL100173',N'HS100173', N'LH121', '2019-2020'), 
(N'PL100174',N'HS100174', N'LH121', '2019-2020'), 
(N'PL100175',N'HS100175', N'LH121', '2019-2020'), 
(N'PL100176',N'HS100176', N'LH121', '2019-2020'), 
(N'PL100177',N'HS100177', N'LH121', '2019-2020'), 
(N'PL100178',N'HS100178', N'LH121', '2019-2020'), 
(N'PL100179',N'HS100179', N'LH121', '2019-2020'), 
(N'PL100180',N'HS100180', N'LH122', '2019-2020'), 
(N'PL100181',N'HS100181', N'LH122', '2019-2020'), 
(N'PL100182',N'HS100182', N'LH122', '2019-2020'), 
(N'PL100183',N'HS100183', N'LH122', '2019-2020'), 
(N'PL100184',N'HS100184', N'LH122', '2019-2020'), 
(N'PL100185',N'HS100185', N'LH122', '2019-2020'), 
(N'PL100186',N'HS100186', N'LH122', '2019-2020'), 
(N'PL100187',N'HS100187', N'LH122', '2019-2020'), 
(N'PL100188',N'HS100188', N'LH122', '2019-2020'), 
(N'PL100189',N'HS100189', N'LH122', '2019-2020'), 
(N'PL100190',N'HS100190', N'LH122', '2019-2020') 

INSERT INTO KETQUAMONHOC(MaKetQuaMonHoc, MaPhanLop, MaHocKy, DiemTBMon) VALUES
(N'KQ100100',N'PL100100',N'HK1920_1',8.9), 
(N'KQ100101',N'PL100101',N'HK1920_1',8.9), 
(N'KQ100102',N'PL100102',N'HK1920_1',8.9), 
(N'KQ100103',N'PL100103',N'HK1920_1',8.9), 
(N'KQ100104',N'PL100104',N'HK1920_1',8.9), 
(N'KQ100105',N'PL100105',N'HK1920_1',8.9), 
(N'KQ100106',N'PL100106',N'HK1920_1',8.9), 
(N'KQ100107',N'PL100107',N'HK1920_1',8.9), 
(N'KQ100108',N'PL100108',N'HK1920_1',8.9), 
(N'KQ100109',N'PL100109',N'HK1920_1',8.9), 
(N'KQ100110',N'PL100110',N'HK1920_1',8.9), 
(N'KQ100111',N'PL100111',N'HK1920_1',8.9),
(N'KQ100112',N'PL100112',N'HK1920_1',8.9), 
(N'KQ100113',N'PL100113',N'HK1920_1',8.9), 
(N'KQ100114',N'PL100114',N'HK1920_1',8.9), 
(N'KQ100115',N'PL100115',N'HK1920_1',8.9), 
(N'KQ100116',N'PL100116',N'HK1920_1',8.9), 
(N'KQ100117',N'PL100117',N'HK1920_1',8.9), 
(N'KQ100118',N'PL100118',N'HK1920_1',8.9), 
(N'KQ100119',N'PL100119',N'HK1920_1',8.9), 
(N'KQ100120',N'PL100120',N'HK1920_1',8.9), 
(N'KQ100121',N'PL100121',N'HK1920_1',8.9), 
(N'KQ100122',N'PL100122',N'HK1920_1',8.9), 
(N'KQ100123',N'PL100123',N'HK1920_1',8.9), 
(N'KQ100124',N'PL100124',N'HK1920_1',8.9), 
(N'KQ100125',N'PL100125',N'HK1920_1',8.9), 
(N'KQ100126',N'PL100126',N'HK1920_1',8.9), 
(N'KQ100127',N'PL100127',N'HK1920_1',8.9), 
(N'KQ100128',N'PL100128',N'HK1920_1',8.9), 
(N'KQ100129',N'PL100129',N'HK1920_1',8.9), 
(N'KQ100130',N'PL100130',N'HK1920_1',8.9), 
(N'KQ100131',N'PL100131',N'HK1920_1',8.9), 
(N'KQ100132',N'PL100132',N'HK1920_1',8.9), 
(N'KQ100133',N'PL100133',N'HK1920_1',8.9), 
(N'KQ100134',N'PL100134',N'HK1920_1',8.9), 
(N'KQ100135',N'PL100135',N'HK1920_1',8.9), 
(N'KQ100136',N'PL100136',N'HK1920_1',8.9), 
(N'KQ100137',N'PL100137',N'HK1920_1',8.9), 
(N'KQ100138',N'PL100138',N'HK1920_1',8.9), 
(N'KQ100139',N'PL100139',N'HK1920_1',8.9), 
(N'KQ100140',N'PL100140',N'HK1920_1',8.9), 
(N'KQ100141',N'PL100141',N'HK1920_1',8.9), 
(N'KQ100142',N'PL100142',N'HK1920_1',8.9), 
(N'KQ100143',N'PL100143',N'HK1920_1',8.9), 
(N'KQ100144',N'PL100144',N'HK1920_1',8.9), 
(N'KQ100145',N'PL100145',N'HK1920_1',8.9), 
(N'KQ100146',N'PL100146',N'HK1920_1',8.9), 
(N'KQ100147',N'PL100147',N'HK1920_1',8.9), 
(N'KQ100148',N'PL100148',N'HK1920_1',8.9), 
(N'KQ100150',N'PL100150',N'HK1920_1',8.9), 
(N'KQ100151',N'PL100151',N'HK1920_1',8.9), 
(N'KQ100152',N'PL100152',N'HK1920_1',8.9), 
(N'KQ100153',N'PL100153',N'HK1920_1',8.9), 
(N'KQ100154',N'PL100154',N'HK1920_1',8.9), 
(N'KQ100155',N'PL100155',N'HK1920_1',8.9), 
(N'KQ100156',N'PL100156',N'HK1920_1',8.9), 
(N'KQ100157',N'PL100157',N'HK1920_1',8.9),
(N'KQ100158',N'PL100158',N'HK1920_1',8.9), 
(N'KQ100159',N'PL100159',N'HK1920_1',8.9), 
(N'KQ100160',N'PL100160',N'HK1920_1',8.9), 
(N'KQ100161',N'PL100161',N'HK1920_1',8.9), 
(N'KQ100162',N'PL100162',N'HK1920_1',8.9), 
(N'KQ100163',N'PL100163',N'HK1920_1',8.9), 
(N'KQ100164',N'PL100164',N'HK1920_1',8.9), 
(N'KQ100165',N'PL100165',N'HK1920_1',8.9), 
(N'KQ100166',N'PL100166',N'HK1920_1',8.9), 
(N'KQ100167',N'PL100167',N'HK1920_1',8.9), 
(N'KQ100168',N'PL100168',N'HK1920_1',8.9), 
(N'KQ100169',N'PL100169',N'HK1920_1',8.9), 
(N'KQ100170',N'PL100170',N'HK1920_1',8.9), 
(N'KQ100171',N'PL100171',N'HK1920_1',8.9), 
(N'KQ100172',N'PL100172',N'HK1920_1',8.9), 
(N'KQ100173',N'PL100173',N'HK1920_1',8.9), 
(N'KQ100174',N'PL100174',N'HK1920_1',8.9), 
(N'KQ100175',N'PL100175',N'HK1920_1',8.9), 
(N'KQ100176',N'PL100176',N'HK1920_1',8.9), 
(N'KQ100177',N'PL100177',N'HK1920_1',8.9), 
(N'KQ100178',N'PL100178',N'HK1920_1',8.9), 
(N'KQ100179',N'PL100179',N'HK1920_1',8.9), 
(N'KQ100180',N'PL100180',N'HK1920_1',8.9), 
(N'KQ100181',N'PL100181',N'HK1920_1',8.9), 
(N'KQ100182',N'PL100182',N'HK1920_1',8.9), 
(N'KQ100183',N'PL100183',N'HK1920_1',8.9), 
(N'KQ100184',N'PL100184',N'HK1920_1',8.9), 
(N'KQ100185',N'PL100185',N'HK1920_1',8.9), 
(N'KQ100186',N'PL100186',N'HK1920_1',8.9), 
(N'KQ100187',N'PL100187',N'HK1920_1',8.9), 
(N'KQ100188',N'PL100188',N'HK1920_1',8.9), 
(N'KQ100189',N'PL100189',N'HK1920_1',8.9), 
(N'KQ100190',N'PL100190',N'HK1920_1',8.9)

INSERT INTO CT_BANGDIEMMONHOC(MaCTBangDiemMon, MaKetQuaMonHoc, MaMonHoc, Diem15, Diem1Tiet, DiemCuoiHocKy) VALUES
--Toan
(N'BD000100',N'KQ100100', 'MH001',  9, 9, 9), 
(N'BD000101',N'KQ100101', 'MH001',  9, 9, 9), 
(N'BD000102',N'KQ100102', 'MH001',  9, 9, 9), 
(N'BD000103',N'KQ100103', 'MH001',  9, 9, 9), 
(N'BD000104',N'KQ100104', 'MH001',  9, 9, 9), 
(N'BD000105',N'KQ100105', 'MH001',  9, 9, 9), 
(N'BD000106',N'KQ100106', 'MH001',  9, 9, 9), 
(N'BD000107',N'KQ100107', 'MH001',  9, 9, 9), 
(N'BD000108',N'KQ100108', 'MH001',  9, 9, 9), 
(N'BD000109',N'KQ100109', 'MH001',  9, 9, 9), 
(N'BD000110',N'KQ100110', 'MH001',  9, 9, 9), 
(N'BD000111',N'KQ100111', 'MH001',  9, 9, 9),
(N'BD000112',N'KQ100112', 'MH001',  9, 9, 9), 
(N'BD000113',N'KQ100113', 'MH001',  9, 9, 9), 
(N'BD000114',N'KQ100114', 'MH001',  9, 9, 9), 
(N'BD000115',N'KQ100115', 'MH001',  9, 9, 9), 
(N'BD000116',N'KQ100116', 'MH001',  9, 9, 9), 
(N'BD000117',N'KQ100117', 'MH001',  9, 9, 9), 
(N'BD000118',N'KQ100118', 'MH001',  9, 9, 9), 
(N'BD000119',N'KQ100119', 'MH001',  9, 9, 9), 
(N'BD000120',N'KQ100120', 'MH001',  9, 9, 9), 
(N'BD000121',N'KQ100121', 'MH001',  9, 9, 9), 
(N'BD000122',N'KQ100122', 'MH001',  9, 9, 9), 
(N'BD000123',N'KQ100123', 'MH001',  9, 9, 9), 
(N'BD000124',N'KQ100124', 'MH001',  9, 9, 9), 
(N'BD000125',N'KQ100125', 'MH001',  9, 9, 9), 
(N'BD000126',N'KQ100126', 'MH001',  9, 9, 9), 
(N'BD000127',N'KQ100127', 'MH001',  9, 9, 9), 
(N'BD000128',N'KQ100128', 'MH001',  9, 9, 9), 
(N'BD000129',N'KQ100129', 'MH001',  9, 9, 9), 
(N'BD000130',N'KQ100130', 'MH001',  9, 9, 9), 
(N'BD000131',N'KQ100131', 'MH001',  9, 9, 9), 
(N'BD000132',N'KQ100132', 'MH001',  9, 9, 9), 
(N'BD000133',N'KQ100133', 'MH001',  9, 9, 9), 
(N'BD000134',N'KQ100134', 'MH001',  9, 9, 9), 
(N'BD000135',N'KQ100135', 'MH001',  9, 9, 9), 
(N'BD000136',N'KQ100136', 'MH001',  9, 9, 9), 
(N'BD000137',N'KQ100137', 'MH001',  9, 9, 9), 
(N'BD000138',N'KQ100138', 'MH001',  9, 9, 9), 
(N'BD000139',N'KQ100139', 'MH001',  9, 9, 9), 
(N'BD000140',N'KQ100140', 'MH001',  9, 9, 9), 
(N'BD000141',N'KQ100141', 'MH001',  9, 9, 9), 
(N'BD000142',N'KQ100142', 'MH001',  9, 9, 9), 
(N'BD000143',N'KQ100143', 'MH001',  9, 9, 9), 
(N'BD000144',N'KQ100144', 'MH001',  9, 9, 9), 
(N'BD000145',N'KQ100145', 'MH001',  9, 9, 9), 
(N'BD000146',N'KQ100146', 'MH001',  9, 9, 9), 
(N'BD000147',N'KQ100147', 'MH001',  9, 9, 9), 
(N'BD000148',N'KQ100148', 'MH001',  9, 9, 9), 
(N'BD000150',N'KQ100150', 'MH001',  9, 9, 9), 
(N'BD000151',N'KQ100151', 'MH001',  9, 9, 9), 
(N'BD000152',N'KQ100152', 'MH001',  9, 9, 9), 
(N'BD000153',N'KQ100153', 'MH001',  9, 9, 9), 
(N'BD000154',N'KQ100154', 'MH001',  9, 9, 9), 
(N'BD000155',N'KQ100155', 'MH001',  9, 9, 9), 
(N'BD000156',N'KQ100156', 'MH001',  9, 9, 9), 
(N'BD000157',N'KQ100157', 'MH001',  9, 9, 9),
(N'BD000158',N'KQ100158', 'MH001',  9, 9, 9), 
(N'BD000159',N'KQ100159', 'MH001',  9, 9, 9), 
(N'BD000160',N'KQ100160', 'MH001',  9, 9, 9), 
(N'BD000161',N'KQ100161', 'MH001',  9, 9, 9), 
(N'BD000162',N'KQ100162', 'MH001',  9, 9, 9), 
(N'BD000163',N'KQ100163', 'MH001',  9, 9, 9), 
(N'BD000164',N'KQ100164', 'MH001',  9, 9, 9), 
(N'BD000165',N'KQ100165', 'MH001',  9, 9, 9), 
(N'BD000166',N'KQ100166', 'MH001',  9, 9, 9), 
(N'BD000167',N'KQ100167', 'MH001',  9, 9, 9), 
(N'BD000168',N'KQ100168', 'MH001',  9, 9, 9), 
(N'BD000169',N'KQ100169', 'MH001',  9, 9, 9), 
(N'BD000170',N'KQ100170', 'MH001',  9, 9, 9), 
(N'BD000171',N'KQ100171', 'MH001',  9, 9, 9), 
(N'BD000172',N'KQ100172', 'MH001',  9, 9, 9), 
(N'BD000173',N'KQ100173', 'MH001',  9, 9, 9), 
(N'BD000174',N'KQ100174', 'MH001',  9, 9, 9), 
(N'BD000175',N'KQ100175', 'MH001',  9, 9, 9), 
(N'BD000176',N'KQ100176', 'MH001',  9, 9, 9), 
(N'BD000177',N'KQ100177', 'MH001',  9, 9, 9), 
(N'BD000178',N'KQ100178', 'MH001',  9, 9, 9), 
(N'BD000179',N'KQ100179', 'MH001',  9, 9, 9), 
(N'BD000180',N'KQ100180', 'MH001',  9, 9, 9), 
(N'BD000181',N'KQ100181', 'MH001',  9, 9, 9), 
(N'BD000182',N'KQ100182', 'MH001',  9, 9, 9), 
(N'BD000183',N'KQ100183', 'MH001',  9, 9, 9), 
(N'BD000184',N'KQ100184', 'MH001',  9, 9, 9), 
(N'BD000185',N'KQ100185', 'MH001',  9, 9, 9), 
(N'BD000186',N'KQ100186', 'MH001',  9, 9, 9), 
(N'BD000187',N'KQ100187', 'MH001',  9, 9, 9), 
(N'BD000188',N'KQ100188', 'MH001',  9, 9, 9), 
(N'BD000189',N'KQ100189', 'MH001',  9, 9, 9), 
(N'BD000190',N'KQ100190', 'MH001',  9, 9, 9),

--Ly
(N'BD000200',N'KQ100100', 'MH002',  9, 9, 9), 
(N'BD000201',N'KQ100101', 'MH002',  9, 9, 9), 
(N'BD000202',N'KQ100102', 'MH002',  9, 9, 9), 
(N'BD000203',N'KQ100103', 'MH002',  9, 9, 9), 
(N'BD000204',N'KQ100104', 'MH002',  9, 9, 9), 
(N'BD000205',N'KQ100105', 'MH002',  9, 9, 9), 
(N'BD000206',N'KQ100106', 'MH002',  9, 9, 9), 
(N'BD000207',N'KQ100107', 'MH002',  9, 9, 9), 
(N'BD000208',N'KQ100108', 'MH002',  9, 9, 9), 
(N'BD000209',N'KQ100109', 'MH002',  9, 9, 9), 
(N'BD000210',N'KQ100110', 'MH002',  9, 9, 9), 
(N'BD000211',N'KQ100111', 'MH002',  9, 9, 9),
(N'BD000212',N'KQ100112', 'MH002',  9, 9, 9), 
(N'BD000213',N'KQ100113', 'MH002',  9, 9, 9), 
(N'BD000214',N'KQ100114', 'MH002',  9, 9, 9), 
(N'BD000215',N'KQ100115', 'MH002',  9, 9, 9), 
(N'BD000216',N'KQ100116', 'MH002',  9, 9, 9), 
(N'BD000217',N'KQ100117', 'MH002',  9, 9, 9), 
(N'BD000218',N'KQ100118', 'MH002',  9, 9, 9), 
(N'BD000219',N'KQ100119', 'MH002',  9, 9, 9), 
(N'BD000220',N'KQ100120', 'MH002',  9, 9, 9), 
(N'BD000221',N'KQ100121', 'MH002',  9, 9, 9), 
(N'BD000222',N'KQ100122', 'MH002',  9, 9, 9), 
(N'BD000223',N'KQ100123', 'MH002',  9, 9, 9), 
(N'BD000224',N'KQ100124', 'MH002',  9, 9, 9), 
(N'BD000225',N'KQ100125', 'MH002',  9, 9, 9), 
(N'BD000226',N'KQ100126', 'MH002',  9, 9, 9), 
(N'BD000227',N'KQ100127', 'MH002',  9, 9, 9), 
(N'BD000228',N'KQ100128', 'MH002',  9, 9, 9), 
(N'BD000229',N'KQ100129', 'MH002',  9, 9, 9), 
(N'BD000230',N'KQ100130', 'MH002',  9, 9, 9), 
(N'BD000231',N'KQ100131', 'MH002',  9, 9, 9), 
(N'BD000232',N'KQ100132', 'MH002',  9, 9, 9), 
(N'BD000233',N'KQ100133', 'MH002',  9, 9, 9), 
(N'BD000234',N'KQ100134', 'MH002',  9, 9, 9), 
(N'BD000235',N'KQ100135', 'MH002',  9, 9, 9), 
(N'BD000236',N'KQ100136', 'MH002',  9, 9, 9), 
(N'BD000237',N'KQ100137', 'MH002',  9, 9, 9), 
(N'BD000238',N'KQ100138', 'MH002',  9, 9, 9), 
(N'BD000239',N'KQ100139', 'MH002',  9, 9, 9), 
(N'BD000240',N'KQ100140', 'MH002',  9, 9, 9), 
(N'BD000241',N'KQ100141', 'MH002',  9, 9, 9), 
(N'BD000242',N'KQ100142', 'MH002',  9, 9, 9), 
(N'BD000243',N'KQ100143', 'MH002',  9, 9, 9), 
(N'BD000244',N'KQ100144', 'MH002',  9, 9, 9), 
(N'BD000245',N'KQ100145', 'MH002',  9, 9, 9), 
(N'BD000246',N'KQ100146', 'MH002',  9, 9, 9), 
(N'BD000247',N'KQ100147', 'MH002',  9, 9, 9), 
(N'BD000248',N'KQ100148', 'MH002',  9, 9, 9), 
(N'BD000250',N'KQ100150', 'MH002',  9, 9, 9), 
(N'BD000251',N'KQ100151', 'MH002',  9, 9, 9), 
(N'BD000252',N'KQ100152', 'MH002',  9, 9, 9), 
(N'BD000253',N'KQ100153', 'MH002',  9, 9, 9), 
(N'BD000254',N'KQ100154', 'MH002',  9, 9, 9), 
(N'BD000255',N'KQ100155', 'MH002',  9, 9, 9), 
(N'BD000256',N'KQ100156', 'MH002',  9, 9, 9), 
(N'BD000257',N'KQ100157', 'MH002',  9, 9, 9),
(N'BD000258',N'KQ100158', 'MH002',  9, 9, 9), 
(N'BD000259',N'KQ100159', 'MH002',  9, 9, 9), 
(N'BD000260',N'KQ100160', 'MH002',  9, 9, 9), 
(N'BD000261',N'KQ100161', 'MH002',  9, 9, 9), 
(N'BD000262',N'KQ100162', 'MH002',  9, 9, 9), 
(N'BD000263',N'KQ100163', 'MH002',  9, 9, 9), 
(N'BD000264',N'KQ100164', 'MH002',  9, 9, 9), 
(N'BD000265',N'KQ100165', 'MH002',  9, 9, 9), 
(N'BD000266',N'KQ100166', 'MH002',  9, 9, 9), 
(N'BD000267',N'KQ100167', 'MH002',  9, 9, 9), 
(N'BD000268',N'KQ100168', 'MH002',  9, 9, 9), 
(N'BD000269',N'KQ100169', 'MH002',  9, 9, 9), 
(N'BD000270',N'KQ100170', 'MH002',  9, 9, 9), 
(N'BD000271',N'KQ100171', 'MH002',  9, 9, 9), 
(N'BD000272',N'KQ100172', 'MH002',  9, 9, 9), 
(N'BD000273',N'KQ100173', 'MH002',  9, 9, 9), 
(N'BD000274',N'KQ100174', 'MH002',  9, 9, 9), 
(N'BD000275',N'KQ100175', 'MH002',  9, 9, 9), 
(N'BD000276',N'KQ100176', 'MH002',  9, 9, 9), 
(N'BD000277',N'KQ100177', 'MH002',  9, 9, 9), 
(N'BD000278',N'KQ100178', 'MH002',  9, 9, 9), 
(N'BD000279',N'KQ100179', 'MH002',  9, 9, 9), 
(N'BD000280',N'KQ100180', 'MH002',  9, 9, 9), 
(N'BD000281',N'KQ100181', 'MH002',  9, 9, 9), 
(N'BD000282',N'KQ100182', 'MH002',  9, 9, 9), 
(N'BD000283',N'KQ100183', 'MH002',  9, 9, 9), 
(N'BD000284',N'KQ100184', 'MH002',  9, 9, 9), 
(N'BD000285',N'KQ100185', 'MH002',  9, 9, 9), 
(N'BD000286',N'KQ100186', 'MH002',  9, 9, 9), 
(N'BD000287',N'KQ100187', 'MH002',  9, 9, 9), 
(N'BD000288',N'KQ100188', 'MH002',  9, 9, 9), 
(N'BD000289',N'KQ100189', 'MH002',  9, 9, 9), 
(N'BD000290',N'KQ100190', 'MH002',  9, 9, 9),

--Hoa
(N'BD000300',N'KQ100100', 'MH003',  9, 9, 9), 
(N'BD000301',N'KQ100101', 'MH003',  9, 9, 9), 
(N'BD000302',N'KQ100102', 'MH003',  9, 9, 9), 
(N'BD000303',N'KQ100103', 'MH003',  9, 9, 9), 
(N'BD000304',N'KQ100104', 'MH003',  9, 9, 9), 
(N'BD000305',N'KQ100105', 'MH003',  9, 9, 9), 
(N'BD000306',N'KQ100106', 'MH003',  9, 9, 9), 
(N'BD000307',N'KQ100107', 'MH003',  9, 9, 9), 
(N'BD000308',N'KQ100108', 'MH003',  9, 9, 9), 
(N'BD000309',N'KQ100109', 'MH003',  9, 9, 9), 
(N'BD000310',N'KQ100110', 'MH003',  9, 9, 9), 
(N'BD000311',N'KQ100111', 'MH003',  9, 9, 9),
(N'BD000312',N'KQ100112', 'MH003',  9, 9, 9), 
(N'BD000313',N'KQ100113', 'MH003',  9, 9, 9), 
(N'BD000314',N'KQ100114', 'MH003',  9, 9, 9), 
(N'BD000315',N'KQ100115', 'MH003',  9, 9, 9), 
(N'BD000316',N'KQ100116', 'MH003',  9, 9, 9), 
(N'BD000317',N'KQ100117', 'MH003',  9, 9, 9), 
(N'BD000318',N'KQ100118', 'MH003',  9, 9, 9), 
(N'BD000319',N'KQ100119', 'MH003',  9, 9, 9), 
(N'BD000320',N'KQ100120', 'MH003',  9, 9, 9), 
(N'BD000321',N'KQ100121', 'MH003',  9, 9, 9), 
(N'BD000322',N'KQ100122', 'MH003',  9, 9, 9), 
(N'BD000323',N'KQ100123', 'MH003',  9, 9, 9), 
(N'BD000324',N'KQ100124', 'MH003',  9, 9, 9), 
(N'BD000325',N'KQ100125', 'MH003',  9, 9, 9), 
(N'BD000326',N'KQ100126', 'MH003',  9, 9, 9), 
(N'BD000327',N'KQ100127', 'MH003',  9, 9, 9), 
(N'BD000328',N'KQ100128', 'MH003',  9, 9, 9), 
(N'BD000329',N'KQ100129', 'MH003',  9, 9, 9), 
(N'BD000330',N'KQ100130', 'MH003',  9, 9, 9), 
(N'BD000331',N'KQ100131', 'MH003',  9, 9, 9), 
(N'BD000332',N'KQ100132', 'MH003',  9, 9, 9), 
(N'BD000333',N'KQ100133', 'MH003',  9, 9, 9), 
(N'BD000334',N'KQ100134', 'MH003',  9, 9, 9), 
(N'BD000335',N'KQ100135', 'MH003',  9, 9, 9), 
(N'BD000336',N'KQ100136', 'MH003',  9, 9, 9), 
(N'BD000337',N'KQ100137', 'MH003',  9, 9, 9), 
(N'BD000338',N'KQ100138', 'MH003',  9, 9, 9), 
(N'BD000339',N'KQ100139', 'MH003',  9, 9, 9), 
(N'BD000340',N'KQ100140', 'MH003',  9, 9, 9), 
(N'BD000341',N'KQ100141', 'MH003',  9, 9, 9), 
(N'BD000342',N'KQ100142', 'MH003',  9, 9, 9), 
(N'BD000343',N'KQ100143', 'MH003',  9, 9, 9), 
(N'BD000344',N'KQ100144', 'MH003',  9, 9, 9), 
(N'BD000345',N'KQ100145', 'MH003',  9, 9, 9), 
(N'BD000346',N'KQ100146', 'MH003',  9, 9, 9), 
(N'BD000347',N'KQ100147', 'MH003',  9, 9, 9), 
(N'BD000348',N'KQ100148', 'MH003',  9, 9, 9), 
(N'BD000350',N'KQ100150', 'MH003',  9, 9, 9), 
(N'BD000351',N'KQ100151', 'MH003',  9, 9, 9), 
(N'BD000352',N'KQ100152', 'MH003',  9, 9, 9), 
(N'BD000353',N'KQ100153', 'MH003',  9, 9, 9), 
(N'BD000354',N'KQ100154', 'MH003',  9, 9, 9), 
(N'BD000355',N'KQ100155', 'MH003',  9, 9, 9), 
(N'BD000356',N'KQ100156', 'MH003',  9, 9, 9), 
(N'BD000357',N'KQ100157', 'MH003',  9, 9, 9),
(N'BD000358',N'KQ100158', 'MH003',  9, 9, 9), 
(N'BD000359',N'KQ100159', 'MH003',  9, 9, 9), 
(N'BD000360',N'KQ100160', 'MH003',  9, 9, 9), 
(N'BD000361',N'KQ100161', 'MH003',  9, 9, 9), 
(N'BD000362',N'KQ100162', 'MH003',  9, 9, 9), 
(N'BD000363',N'KQ100163', 'MH003',  9, 9, 9), 
(N'BD000364',N'KQ100164', 'MH003',  9, 9, 9), 
(N'BD000365',N'KQ100165', 'MH003',  9, 9, 9), 
(N'BD000366',N'KQ100166', 'MH003',  9, 9, 9), 
(N'BD000367',N'KQ100167', 'MH003',  9, 9, 9), 
(N'BD000368',N'KQ100168', 'MH003',  9, 9, 9), 
(N'BD000369',N'KQ100169', 'MH003',  9, 9, 9), 
(N'BD000370',N'KQ100170', 'MH003',  9, 9, 9), 
(N'BD000371',N'KQ100171', 'MH003',  9, 9, 9), 
(N'BD000372',N'KQ100172', 'MH003',  9, 9, 9), 
(N'BD000373',N'KQ100173', 'MH003',  9, 9, 9), 
(N'BD000374',N'KQ100174', 'MH003',  9, 9, 9), 
(N'BD000375',N'KQ100175', 'MH003',  9, 9, 9), 
(N'BD000376',N'KQ100176', 'MH003',  9, 9, 9), 
(N'BD000377',N'KQ100177', 'MH003',  9, 9, 9), 
(N'BD000378',N'KQ100178', 'MH003',  9, 9, 9), 
(N'BD000379',N'KQ100179', 'MH003',  9, 9, 9), 
(N'BD000380',N'KQ100180', 'MH003',  9, 9, 9), 
(N'BD000381',N'KQ100181', 'MH003',  9, 9, 9), 
(N'BD000382',N'KQ100182', 'MH003',  9, 9, 9), 
(N'BD000383',N'KQ100183', 'MH003',  9, 9, 9), 
(N'BD000384',N'KQ100184', 'MH003',  9, 9, 9), 
(N'BD000385',N'KQ100185', 'MH003',  9, 9, 9), 
(N'BD000386',N'KQ100186', 'MH003',  9, 9, 9), 
(N'BD000387',N'KQ100187', 'MH003',  9, 9, 9), 
(N'BD000388',N'KQ100188', 'MH003',  9, 9, 9), 
(N'BD000389',N'KQ100189', 'MH003',  9, 9, 9), 
(N'BD000390',N'KQ100190', 'MH003',  9, 9, 9),

--Sinh
(N'BD000400',N'KQ100100', 'MH004',  9, 9, 9), 
(N'BD000401',N'KQ100101', 'MH004',  9, 9, 9), 
(N'BD000402',N'KQ100102', 'MH004',  9, 9, 9), 
(N'BD000403',N'KQ100103', 'MH004',  9, 9, 9), 
(N'BD000404',N'KQ100104', 'MH004',  9, 9, 9), 
(N'BD000405',N'KQ100105', 'MH004',  9, 9, 9), 
(N'BD000406',N'KQ100106', 'MH004',  9, 9, 9), 
(N'BD000407',N'KQ100107', 'MH004',  9, 9, 9), 
(N'BD000408',N'KQ100108', 'MH004',  9, 9, 9), 
(N'BD000409',N'KQ100109', 'MH004',  9, 9, 9), 
(N'BD000410',N'KQ100110', 'MH004',  9, 9, 9), 
(N'BD000411',N'KQ100111', 'MH004',  9, 9, 9),
(N'BD000412',N'KQ100112', 'MH004',  9, 9, 9), 
(N'BD000413',N'KQ100113', 'MH004',  9, 9, 9), 
(N'BD000414',N'KQ100114', 'MH004',  9, 9, 9), 
(N'BD000415',N'KQ100115', 'MH004',  9, 9, 9), 
(N'BD000416',N'KQ100116', 'MH004',  9, 9, 9), 
(N'BD000417',N'KQ100117', 'MH004',  9, 9, 9), 
(N'BD000418',N'KQ100118', 'MH004',  9, 9, 9), 
(N'BD000419',N'KQ100119', 'MH004',  9, 9, 9), 
(N'BD000420',N'KQ100120', 'MH004',  9, 9, 9), 
(N'BD000421',N'KQ100121', 'MH004',  9, 9, 9), 
(N'BD000422',N'KQ100122', 'MH004',  9, 9, 9), 
(N'BD000423',N'KQ100123', 'MH004',  9, 9, 9), 
(N'BD000424',N'KQ100124', 'MH004',  9, 9, 9), 
(N'BD000425',N'KQ100125', 'MH004',  9, 9, 9), 
(N'BD000426',N'KQ100126', 'MH004',  9, 9, 9), 
(N'BD000427',N'KQ100127', 'MH004',  9, 9, 9), 
(N'BD000428',N'KQ100128', 'MH004',  9, 9, 9), 
(N'BD000429',N'KQ100129', 'MH004',  9, 9, 9), 
(N'BD000430',N'KQ100130', 'MH004',  9, 9, 9), 
(N'BD000431',N'KQ100131', 'MH004',  9, 9, 9), 
(N'BD000432',N'KQ100132', 'MH004',  9, 9, 9), 
(N'BD000433',N'KQ100133', 'MH004',  9, 9, 9), 
(N'BD000434',N'KQ100134', 'MH004',  9, 9, 9), 
(N'BD000435',N'KQ100135', 'MH004',  9, 9, 9), 
(N'BD000436',N'KQ100136', 'MH004',  9, 9, 9), 
(N'BD000437',N'KQ100137', 'MH004',  9, 9, 9), 
(N'BD000438',N'KQ100138', 'MH004',  9, 9, 9), 
(N'BD000439',N'KQ100139', 'MH004',  9, 9, 9), 
(N'BD000440',N'KQ100140', 'MH004',  9, 9, 9), 
(N'BD000441',N'KQ100141', 'MH004',  9, 9, 9), 
(N'BD000442',N'KQ100142', 'MH004',  9, 9, 9), 
(N'BD000443',N'KQ100143', 'MH004',  9, 9, 9), 
(N'BD000444',N'KQ100144', 'MH004',  9, 9, 9), 
(N'BD000445',N'KQ100145', 'MH004',  9, 9, 9), 
(N'BD000446',N'KQ100146', 'MH004',  9, 9, 9), 
(N'BD000447',N'KQ100147', 'MH004',  9, 9, 9), 
(N'BD000448',N'KQ100148', 'MH004',  9, 9, 9), 
(N'BD000450',N'KQ100150', 'MH004',  9, 9, 9), 
(N'BD000451',N'KQ100151', 'MH004',  9, 9, 9), 
(N'BD000452',N'KQ100152', 'MH004',  9, 9, 9), 
(N'BD000453',N'KQ100153', 'MH004',  9, 9, 9), 
(N'BD000454',N'KQ100154', 'MH004',  9, 9, 9), 
(N'BD000455',N'KQ100155', 'MH004',  9, 9, 9), 
(N'BD000456',N'KQ100156', 'MH004',  9, 9, 9), 
(N'BD000457',N'KQ100157', 'MH004',  9, 9, 9),
(N'BD000458',N'KQ100158', 'MH004',  9, 9, 9), 
(N'BD000459',N'KQ100159', 'MH004',  9, 9, 9), 
(N'BD000460',N'KQ100160', 'MH004',  9, 9, 9), 
(N'BD000461',N'KQ100161', 'MH004',  9, 9, 9), 
(N'BD000462',N'KQ100162', 'MH004',  9, 9, 9), 
(N'BD000463',N'KQ100163', 'MH004',  9, 9, 9), 
(N'BD000464',N'KQ100164', 'MH004',  9, 9, 9), 
(N'BD000465',N'KQ100165', 'MH004',  9, 9, 9), 
(N'BD000466',N'KQ100166', 'MH004',  9, 9, 9), 
(N'BD000467',N'KQ100167', 'MH004',  9, 9, 9), 
(N'BD000468',N'KQ100168', 'MH004',  9, 9, 9), 
(N'BD000469',N'KQ100169', 'MH004',  9, 9, 9), 
(N'BD000470',N'KQ100170', 'MH004',  9, 9, 9), 
(N'BD000471',N'KQ100171', 'MH004',  9, 9, 9), 
(N'BD000472',N'KQ100172', 'MH004',  9, 9, 9), 
(N'BD000473',N'KQ100173', 'MH004',  9, 9, 9), 
(N'BD000474',N'KQ100174', 'MH004',  9, 9, 9), 
(N'BD000475',N'KQ100175', 'MH004',  9, 9, 9), 
(N'BD000476',N'KQ100176', 'MH004',  9, 9, 9), 
(N'BD000477',N'KQ100177', 'MH004',  9, 9, 9), 
(N'BD000478',N'KQ100178', 'MH004',  9, 9, 9), 
(N'BD000479',N'KQ100179', 'MH004',  9, 9, 9), 
(N'BD000480',N'KQ100180', 'MH004',  9, 9, 9), 
(N'BD000481',N'KQ100181', 'MH004',  9, 9, 9), 
(N'BD000482',N'KQ100182', 'MH004',  9, 9, 9), 
(N'BD000483',N'KQ100183', 'MH004',  9, 9, 9), 
(N'BD000484',N'KQ100184', 'MH004',  9, 9, 9), 
(N'BD000485',N'KQ100185', 'MH004',  9, 9, 9), 
(N'BD000486',N'KQ100186', 'MH004',  9, 9, 9), 
(N'BD000487',N'KQ100187', 'MH004',  9, 9, 9), 
(N'BD000488',N'KQ100188', 'MH004',  9, 9, 9), 
(N'BD000489',N'KQ100189', 'MH004',  9, 9, 9), 
(N'BD000490',N'KQ100190', 'MH004',  9, 9, 9),

--Su
(N'BD000500',N'KQ100100', 'MH005',  9, 9, 9), 
(N'BD000501',N'KQ100101', 'MH005',  9, 9, 9), 
(N'BD000502',N'KQ100102', 'MH005',  9, 9, 9), 
(N'BD000503',N'KQ100103', 'MH005',  9, 9, 9), 
(N'BD000504',N'KQ100104', 'MH005',  9, 9, 9), 
(N'BD000505',N'KQ100105', 'MH005',  9, 9, 9), 
(N'BD000506',N'KQ100106', 'MH005',  9, 9, 9), 
(N'BD000507',N'KQ100107', 'MH005',  9, 9, 9), 
(N'BD000508',N'KQ100108', 'MH005',  9, 9, 9), 
(N'BD000509',N'KQ100109', 'MH005',  9, 9, 9), 
(N'BD000510',N'KQ100110', 'MH005',  9, 9, 9), 
(N'BD000511',N'KQ100111', 'MH005',  9, 9, 9),
(N'BD000512',N'KQ100112', 'MH005',  9, 9, 9), 
(N'BD000513',N'KQ100113', 'MH005',  9, 9, 9), 
(N'BD000514',N'KQ100114', 'MH005',  9, 9, 9), 
(N'BD000515',N'KQ100115', 'MH005',  9, 9, 9), 
(N'BD000516',N'KQ100116', 'MH005',  9, 9, 9), 
(N'BD000517',N'KQ100117', 'MH005',  9, 9, 9), 
(N'BD000518',N'KQ100118', 'MH005',  9, 9, 9), 
(N'BD000519',N'KQ100119', 'MH005',  9, 9, 9), 
(N'BD000520',N'KQ100120', 'MH005',  9, 9, 9), 
(N'BD000521',N'KQ100121', 'MH005',  9, 9, 9), 
(N'BD000522',N'KQ100122', 'MH005',  9, 9, 9), 
(N'BD000523',N'KQ100123', 'MH005',  9, 9, 9), 
(N'BD000524',N'KQ100124', 'MH005',  9, 9, 9), 
(N'BD000525',N'KQ100125', 'MH005',  9, 9, 9), 
(N'BD000526',N'KQ100126', 'MH005',  9, 9, 9), 
(N'BD000527',N'KQ100127', 'MH005',  9, 9, 9), 
(N'BD000528',N'KQ100128', 'MH005',  9, 9, 9), 
(N'BD000529',N'KQ100129', 'MH005',  9, 9, 9), 
(N'BD000530',N'KQ100130', 'MH005',  9, 9, 9), 
(N'BD000531',N'KQ100131', 'MH005',  9, 9, 9), 
(N'BD000532',N'KQ100132', 'MH005',  9, 9, 9), 
(N'BD000533',N'KQ100133', 'MH005',  9, 9, 9), 
(N'BD000534',N'KQ100134', 'MH005',  9, 9, 9), 
(N'BD000535',N'KQ100135', 'MH005',  9, 9, 9), 
(N'BD000536',N'KQ100136', 'MH005',  9, 9, 9), 
(N'BD000537',N'KQ100137', 'MH005',  9, 9, 9), 
(N'BD000538',N'KQ100138', 'MH005',  9, 9, 9), 
(N'BD000539',N'KQ100139', 'MH005',  9, 9, 9), 
(N'BD000540',N'KQ100140', 'MH005',  9, 9, 9), 
(N'BD000541',N'KQ100141', 'MH005',  9, 9, 9), 
(N'BD000542',N'KQ100142', 'MH005',  9, 9, 9), 
(N'BD000543',N'KQ100143', 'MH005',  9, 9, 9), 
(N'BD000544',N'KQ100144', 'MH005',  9, 9, 9), 
(N'BD000545',N'KQ100145', 'MH005',  9, 9, 9), 
(N'BD000546',N'KQ100146', 'MH005',  9, 9, 9), 
(N'BD000547',N'KQ100147', 'MH005',  9, 9, 9), 
(N'BD000548',N'KQ100148', 'MH005',  9, 9, 9), 
(N'BD000550',N'KQ100150', 'MH005',  9, 9, 9), 
(N'BD000551',N'KQ100151', 'MH005',  9, 9, 9), 
(N'BD000552',N'KQ100152', 'MH005',  9, 9, 9), 
(N'BD000553',N'KQ100153', 'MH005',  9, 9, 9), 
(N'BD000554',N'KQ100154', 'MH005',  9, 9, 9), 
(N'BD000555',N'KQ100155', 'MH005',  9, 9, 9), 
(N'BD000556',N'KQ100156', 'MH005',  9, 9, 9), 
(N'BD000557',N'KQ100157', 'MH005',  9, 9, 9),
(N'BD000558',N'KQ100158', 'MH005',  9, 9, 9), 
(N'BD000559',N'KQ100159', 'MH005',  9, 9, 9), 
(N'BD000560',N'KQ100160', 'MH005',  9, 9, 9), 
(N'BD000561',N'KQ100161', 'MH005',  9, 9, 9), 
(N'BD000562',N'KQ100162', 'MH005',  9, 9, 9), 
(N'BD000563',N'KQ100163', 'MH005',  9, 9, 9), 
(N'BD000564',N'KQ100164', 'MH005',  9, 9, 9), 
(N'BD000565',N'KQ100165', 'MH005',  9, 9, 9), 
(N'BD000566',N'KQ100166', 'MH005',  9, 9, 9), 
(N'BD000567',N'KQ100167', 'MH005',  9, 9, 9), 
(N'BD000568',N'KQ100168', 'MH005',  9, 9, 9), 
(N'BD000569',N'KQ100169', 'MH005',  9, 9, 9), 
(N'BD000570',N'KQ100170', 'MH005',  9, 9, 9), 
(N'BD000571',N'KQ100171', 'MH005',  9, 9, 9), 
(N'BD000572',N'KQ100172', 'MH005',  9, 9, 9), 
(N'BD000573',N'KQ100173', 'MH005',  9, 9, 9), 
(N'BD000574',N'KQ100174', 'MH005',  9, 9, 9), 
(N'BD000575',N'KQ100175', 'MH005',  9, 9, 9), 
(N'BD000576',N'KQ100176', 'MH005',  9, 9, 9), 
(N'BD000577',N'KQ100177', 'MH005',  9, 9, 9), 
(N'BD000578',N'KQ100178', 'MH005',  9, 9, 9), 
(N'BD000579',N'KQ100179', 'MH005',  9, 9, 9), 
(N'BD000580',N'KQ100180', 'MH005',  9, 9, 9), 
(N'BD000581',N'KQ100181', 'MH005',  9, 9, 9), 
(N'BD000582',N'KQ100182', 'MH005',  9, 9, 9), 
(N'BD000583',N'KQ100183', 'MH005',  9, 9, 9), 
(N'BD000584',N'KQ100184', 'MH005',  9, 9, 9), 
(N'BD000585',N'KQ100185', 'MH005',  9, 9, 9), 
(N'BD000586',N'KQ100186', 'MH005',  9, 9, 9), 
(N'BD000587',N'KQ100187', 'MH005',  9, 9, 9), 
(N'BD000588',N'KQ100188', 'MH005',  9, 9, 9), 
(N'BD000589',N'KQ100189', 'MH005',  9, 9, 9), 
(N'BD000590',N'KQ100190', 'MH005',  9, 9, 9),

--Dia
(N'BD000600',N'KQ100100', 'MH006',  9, 9, 9), 
(N'BD000601',N'KQ100101', 'MH006',  9, 9, 9), 
(N'BD000602',N'KQ100102', 'MH006',  9, 9, 9), 
(N'BD000603',N'KQ100103', 'MH006',  9, 9, 9), 
(N'BD000604',N'KQ100104', 'MH006',  9, 9, 9), 
(N'BD000605',N'KQ100105', 'MH006',  9, 9, 9), 
(N'BD000606',N'KQ100106', 'MH006',  9, 9, 9), 
(N'BD000607',N'KQ100107', 'MH006',  9, 9, 9), 
(N'BD000608',N'KQ100108', 'MH006',  9, 9, 9), 
(N'BD000609',N'KQ100109', 'MH006',  9, 9, 9), 
(N'BD000610',N'KQ100110', 'MH006',  9, 9, 9), 
(N'BD000611',N'KQ100111', 'MH006',  9, 9, 9),
(N'BD000612',N'KQ100112', 'MH006',  9, 9, 9), 
(N'BD000613',N'KQ100113', 'MH006',  9, 9, 9), 
(N'BD000614',N'KQ100114', 'MH006',  9, 9, 9), 
(N'BD000615',N'KQ100115', 'MH006',  9, 9, 9), 
(N'BD000616',N'KQ100116', 'MH006',  9, 9, 9), 
(N'BD000617',N'KQ100117', 'MH006',  9, 9, 9), 
(N'BD000618',N'KQ100118', 'MH006',  9, 9, 9), 
(N'BD000619',N'KQ100119', 'MH006',  9, 9, 9), 
(N'BD000620',N'KQ100120', 'MH006',  9, 9, 9), 
(N'BD000621',N'KQ100121', 'MH006',  9, 9, 9), 
(N'BD000622',N'KQ100122', 'MH006',  9, 9, 9), 
(N'BD000623',N'KQ100123', 'MH006',  9, 9, 9), 
(N'BD000624',N'KQ100124', 'MH006',  9, 9, 9), 
(N'BD000625',N'KQ100125', 'MH006',  9, 9, 9), 
(N'BD000626',N'KQ100126', 'MH006',  9, 9, 9), 
(N'BD000627',N'KQ100127', 'MH006',  9, 9, 9), 
(N'BD000628',N'KQ100128', 'MH006',  9, 9, 9), 
(N'BD000629',N'KQ100129', 'MH006',  9, 9, 9), 
(N'BD000630',N'KQ100130', 'MH006',  9, 9, 9), 
(N'BD000631',N'KQ100131', 'MH006',  9, 9, 9), 
(N'BD000632',N'KQ100132', 'MH006',  9, 9, 9), 
(N'BD000633',N'KQ100133', 'MH006',  9, 9, 9), 
(N'BD000634',N'KQ100134', 'MH006',  9, 9, 9), 
(N'BD000635',N'KQ100135', 'MH006',  9, 9, 9), 
(N'BD000636',N'KQ100136', 'MH006',  9, 9, 9), 
(N'BD000637',N'KQ100137', 'MH006',  9, 9, 9), 
(N'BD000638',N'KQ100138', 'MH006',  9, 9, 9), 
(N'BD000639',N'KQ100139', 'MH006',  9, 9, 9), 
(N'BD000640',N'KQ100140', 'MH006',  9, 9, 9), 
(N'BD000641',N'KQ100141', 'MH006',  9, 9, 9), 
(N'BD000642',N'KQ100142', 'MH006',  9, 9, 9), 
(N'BD000643',N'KQ100143', 'MH006',  9, 9, 9), 
(N'BD000644',N'KQ100144', 'MH006',  9, 9, 9), 
(N'BD000645',N'KQ100145', 'MH006',  9, 9, 9), 
(N'BD000646',N'KQ100146', 'MH006',  9, 9, 9), 
(N'BD000647',N'KQ100147', 'MH006',  9, 9, 9), 
(N'BD000648',N'KQ100148', 'MH006',  9, 9, 9), 
(N'BD000650',N'KQ100150', 'MH006',  9, 9, 9), 
(N'BD000651',N'KQ100151', 'MH006',  9, 9, 9), 
(N'BD000652',N'KQ100152', 'MH006',  9, 9, 9), 
(N'BD000653',N'KQ100153', 'MH006',  9, 9, 9), 
(N'BD000654',N'KQ100154', 'MH006',  9, 9, 9), 
(N'BD000655',N'KQ100155', 'MH006',  9, 9, 9), 
(N'BD000656',N'KQ100156', 'MH006',  9, 9, 9), 
(N'BD000657',N'KQ100157', 'MH006',  9, 9, 9),
(N'BD000658',N'KQ100158', 'MH006',  9, 9, 9), 
(N'BD000659',N'KQ100159', 'MH006',  9, 9, 9), 
(N'BD000660',N'KQ100160', 'MH006',  9, 9, 9), 
(N'BD000661',N'KQ100161', 'MH006',  9, 9, 9), 
(N'BD000662',N'KQ100162', 'MH006',  9, 9, 9), 
(N'BD000663',N'KQ100163', 'MH006',  9, 9, 9), 
(N'BD000664',N'KQ100164', 'MH006',  9, 9, 9), 
(N'BD000665',N'KQ100165', 'MH006',  9, 9, 9), 
(N'BD000666',N'KQ100166', 'MH006',  9, 9, 9), 
(N'BD000667',N'KQ100167', 'MH006',  9, 9, 9), 
(N'BD000668',N'KQ100168', 'MH006',  9, 9, 9), 
(N'BD000669',N'KQ100169', 'MH006',  9, 9, 9), 
(N'BD000670',N'KQ100170', 'MH006',  9, 9, 9), 
(N'BD000671',N'KQ100171', 'MH006',  9, 9, 9), 
(N'BD000672',N'KQ100172', 'MH006',  9, 9, 9), 
(N'BD000673',N'KQ100173', 'MH006',  9, 9, 9), 
(N'BD000674',N'KQ100174', 'MH006',  9, 9, 9), 
(N'BD000675',N'KQ100175', 'MH006',  9, 9, 9), 
(N'BD000676',N'KQ100176', 'MH006',  9, 9, 9), 
(N'BD000677',N'KQ100177', 'MH006',  9, 9, 9), 
(N'BD000678',N'KQ100178', 'MH006',  9, 9, 9), 
(N'BD000679',N'KQ100179', 'MH006',  9, 9, 9), 
(N'BD000680',N'KQ100180', 'MH006',  9, 9, 9), 
(N'BD000681',N'KQ100181', 'MH006',  9, 9, 9), 
(N'BD000682',N'KQ100182', 'MH006',  9, 9, 9), 
(N'BD000683',N'KQ100183', 'MH006',  9, 9, 9), 
(N'BD000684',N'KQ100184', 'MH006',  9, 9, 9), 
(N'BD000685',N'KQ100185', 'MH006',  9, 9, 9), 
(N'BD000686',N'KQ100186', 'MH006',  9, 9, 9), 
(N'BD000687',N'KQ100187', 'MH006',  9, 9, 9), 
(N'BD000688',N'KQ100188', 'MH006',  9, 9, 9), 
(N'BD000689',N'KQ100189', 'MH006',  9, 9, 9), 
(N'BD000690',N'KQ100190', 'MH006',  9, 9, 9),

--Van
(N'BD000700',N'KQ100100', 'MH007',  9, 9, 9), 
(N'BD000701',N'KQ100101', 'MH007',  9, 9, 9), 
(N'BD000702',N'KQ100102', 'MH007',  9, 9, 9), 
(N'BD000703',N'KQ100103', 'MH007',  9, 9, 9), 
(N'BD000704',N'KQ100104', 'MH007',  9, 9, 9), 
(N'BD000705',N'KQ100105', 'MH007',  9, 9, 9), 
(N'BD000706',N'KQ100106', 'MH007',  9, 9, 9), 
(N'BD000707',N'KQ100107', 'MH007',  9, 9, 9), 
(N'BD000708',N'KQ100108', 'MH007',  9, 9, 9), 
(N'BD000709',N'KQ100109', 'MH007',  9, 9, 9), 
(N'BD000710',N'KQ100110', 'MH007',  9, 9, 9), 
(N'BD000711',N'KQ100111', 'MH007',  9, 9, 9),
(N'BD000712',N'KQ100112', 'MH007',  9, 9, 9), 
(N'BD000713',N'KQ100113', 'MH007',  9, 9, 9), 
(N'BD000714',N'KQ100114', 'MH007',  9, 9, 9), 
(N'BD000715',N'KQ100115', 'MH007',  9, 9, 9), 
(N'BD000716',N'KQ100116', 'MH007',  9, 9, 9), 
(N'BD000717',N'KQ100117', 'MH007',  9, 9, 9), 
(N'BD000718',N'KQ100118', 'MH007',  9, 9, 9), 
(N'BD000719',N'KQ100119', 'MH007',  9, 9, 9), 
(N'BD000720',N'KQ100120', 'MH007',  9, 9, 9), 
(N'BD000721',N'KQ100121', 'MH007',  9, 9, 9), 
(N'BD000722',N'KQ100122', 'MH007',  9, 9, 9), 
(N'BD000723',N'KQ100123', 'MH007',  9, 9, 9), 
(N'BD000724',N'KQ100124', 'MH007',  9, 9, 9), 
(N'BD000725',N'KQ100125', 'MH007',  9, 9, 9), 
(N'BD000726',N'KQ100126', 'MH007',  9, 9, 9), 
(N'BD000727',N'KQ100127', 'MH007',  9, 9, 9), 
(N'BD000728',N'KQ100128', 'MH007',  9, 9, 9), 
(N'BD000729',N'KQ100129', 'MH007',  9, 9, 9), 
(N'BD000730',N'KQ100130', 'MH007',  9, 9, 9), 
(N'BD000731',N'KQ100131', 'MH007',  9, 9, 9), 
(N'BD000732',N'KQ100132', 'MH007',  9, 9, 9), 
(N'BD000733',N'KQ100133', 'MH007',  9, 9, 9), 
(N'BD000734',N'KQ100134', 'MH007',  9, 9, 9), 
(N'BD000735',N'KQ100135', 'MH007',  9, 9, 9), 
(N'BD000736',N'KQ100136', 'MH007',  9, 9, 9), 
(N'BD000737',N'KQ100137', 'MH007',  9, 9, 9), 
(N'BD000738',N'KQ100138', 'MH007',  9, 9, 9), 
(N'BD000739',N'KQ100139', 'MH007',  9, 9, 9), 
(N'BD000740',N'KQ100140', 'MH007',  9, 9, 9), 
(N'BD000741',N'KQ100141', 'MH007',  9, 9, 9), 
(N'BD000742',N'KQ100142', 'MH007',  9, 9, 9), 
(N'BD000743',N'KQ100143', 'MH007',  9, 9, 9), 
(N'BD000744',N'KQ100144', 'MH007',  9, 9, 9), 
(N'BD000745',N'KQ100145', 'MH007',  9, 9, 9), 
(N'BD000746',N'KQ100146', 'MH007',  9, 9, 9), 
(N'BD000747',N'KQ100147', 'MH007',  9, 9, 9), 
(N'BD000748',N'KQ100148', 'MH007',  9, 9, 9), 
(N'BD000750',N'KQ100150', 'MH007',  9, 9, 9), 
(N'BD000751',N'KQ100151', 'MH007',  9, 9, 9), 
(N'BD000752',N'KQ100152', 'MH007',  9, 9, 9), 
(N'BD000753',N'KQ100153', 'MH007',  9, 9, 9), 
(N'BD000754',N'KQ100154', 'MH007',  9, 9, 9), 
(N'BD000755',N'KQ100155', 'MH007',  9, 9, 9), 
(N'BD000756',N'KQ100156', 'MH007',  9, 9, 9), 
(N'BD000757',N'KQ100157', 'MH007',  9, 9, 9),
(N'BD000758',N'KQ100158', 'MH007',  9, 9, 9), 
(N'BD000759',N'KQ100159', 'MH007',  9, 9, 9), 
(N'BD000760',N'KQ100160', 'MH007',  9, 9, 9), 
(N'BD000761',N'KQ100161', 'MH007',  9, 9, 9), 
(N'BD000762',N'KQ100162', 'MH007',  9, 9, 9), 
(N'BD000763',N'KQ100163', 'MH007',  9, 9, 9), 
(N'BD000764',N'KQ100164', 'MH007',  9, 9, 9), 
(N'BD000765',N'KQ100165', 'MH007',  9, 9, 9), 
(N'BD000766',N'KQ100166', 'MH007',  9, 9, 9), 
(N'BD000767',N'KQ100167', 'MH007',  9, 9, 9), 
(N'BD000768',N'KQ100168', 'MH007',  9, 9, 9), 
(N'BD000769',N'KQ100169', 'MH007',  9, 9, 9), 
(N'BD000770',N'KQ100170', 'MH007',  9, 9, 9), 
(N'BD000771',N'KQ100171', 'MH007',  9, 9, 9), 
(N'BD000772',N'KQ100172', 'MH007',  9, 9, 9), 
(N'BD000773',N'KQ100173', 'MH007',  9, 9, 9), 
(N'BD000774',N'KQ100174', 'MH007',  9, 9, 9), 
(N'BD000775',N'KQ100175', 'MH007',  9, 9, 9), 
(N'BD000776',N'KQ100176', 'MH007',  9, 9, 9), 
(N'BD000777',N'KQ100177', 'MH007',  9, 9, 9), 
(N'BD000778',N'KQ100178', 'MH007',  9, 9, 9), 
(N'BD000779',N'KQ100179', 'MH007',  9, 9, 9), 
(N'BD000780',N'KQ100180', 'MH007',  9, 9, 9), 
(N'BD000781',N'KQ100181', 'MH007',  9, 9, 9), 
(N'BD000782',N'KQ100182', 'MH007',  9, 9, 9), 
(N'BD000783',N'KQ100183', 'MH007',  9, 9, 9), 
(N'BD000784',N'KQ100184', 'MH007',  9, 9, 9), 
(N'BD000785',N'KQ100185', 'MH007',  9, 9, 9), 
(N'BD000786',N'KQ100186', 'MH007',  9, 9, 9), 
(N'BD000787',N'KQ100187', 'MH007',  9, 9, 9), 
(N'BD000788',N'KQ100188', 'MH007',  9, 9, 9), 
(N'BD000789',N'KQ100189', 'MH007',  9, 9, 9), 
(N'BD000790',N'KQ100190', 'MH007',  9, 9, 9),

--Dao Duc
(N'BD000800',N'KQ100100', 'MH008',  9, 9, 9), 
(N'BD000801',N'KQ100101', 'MH008',  9, 9, 9), 
(N'BD000802',N'KQ100102', 'MH008',  9, 9, 9), 
(N'BD000803',N'KQ100103', 'MH008',  9, 9, 9), 
(N'BD000804',N'KQ100104', 'MH008',  9, 9, 9), 
(N'BD000805',N'KQ100105', 'MH008',  9, 9, 9), 
(N'BD000806',N'KQ100106', 'MH008',  9, 9, 9), 
(N'BD000807',N'KQ100107', 'MH008',  9, 9, 9), 
(N'BD000808',N'KQ100108', 'MH008',  9, 9, 9), 
(N'BD000809',N'KQ100109', 'MH008',  9, 9, 9), 
(N'BD000810',N'KQ100110', 'MH008',  9, 9, 9), 
(N'BD000811',N'KQ100111', 'MH008',  9, 9, 9),
(N'BD000812',N'KQ100112', 'MH008',  9, 9, 9), 
(N'BD000813',N'KQ100113', 'MH008',  9, 9, 9), 
(N'BD000814',N'KQ100114', 'MH008',  9, 9, 9), 
(N'BD000815',N'KQ100115', 'MH008',  9, 9, 9), 
(N'BD000816',N'KQ100116', 'MH008',  9, 9, 9), 
(N'BD000817',N'KQ100117', 'MH008',  9, 9, 9), 
(N'BD000818',N'KQ100118', 'MH008',  9, 9, 9), 
(N'BD000819',N'KQ100119', 'MH008',  9, 9, 9), 
(N'BD000820',N'KQ100120', 'MH008',  9, 9, 9), 
(N'BD000821',N'KQ100121', 'MH008',  9, 9, 9), 
(N'BD000822',N'KQ100122', 'MH008',  9, 9, 9), 
(N'BD000823',N'KQ100123', 'MH008',  9, 9, 9), 
(N'BD000824',N'KQ100124', 'MH008',  9, 9, 9), 
(N'BD000825',N'KQ100125', 'MH008',  9, 9, 9), 
(N'BD000826',N'KQ100126', 'MH008',  9, 9, 9), 
(N'BD000827',N'KQ100127', 'MH008',  9, 9, 9), 
(N'BD000828',N'KQ100128', 'MH008',  9, 9, 9), 
(N'BD000829',N'KQ100129', 'MH008',  9, 9, 9), 
(N'BD000830',N'KQ100130', 'MH008',  9, 9, 9), 
(N'BD000831',N'KQ100131', 'MH008',  9, 9, 9), 
(N'BD000832',N'KQ100132', 'MH008',  9, 9, 9), 
(N'BD000833',N'KQ100133', 'MH008',  9, 9, 9), 
(N'BD000834',N'KQ100134', 'MH008',  9, 9, 9), 
(N'BD000835',N'KQ100135', 'MH008',  9, 9, 9), 
(N'BD000836',N'KQ100136', 'MH008',  9, 9, 9), 
(N'BD000837',N'KQ100137', 'MH008',  9, 9, 9), 
(N'BD000838',N'KQ100138', 'MH008',  9, 9, 9), 
(N'BD000839',N'KQ100139', 'MH008',  9, 9, 9), 
(N'BD000840',N'KQ100140', 'MH008',  9, 9, 9), 
(N'BD000841',N'KQ100141', 'MH008',  9, 9, 9), 
(N'BD000842',N'KQ100142', 'MH008',  9, 9, 9), 
(N'BD000843',N'KQ100143', 'MH008',  9, 9, 9), 
(N'BD000844',N'KQ100144', 'MH008',  9, 9, 9), 
(N'BD000845',N'KQ100145', 'MH008',  9, 9, 9), 
(N'BD000846',N'KQ100146', 'MH008',  9, 9, 9), 
(N'BD000847',N'KQ100147', 'MH008',  9, 9, 9), 
(N'BD000848',N'KQ100148', 'MH008',  9, 9, 9), 
(N'BD000850',N'KQ100150', 'MH008',  9, 9, 9), 
(N'BD000851',N'KQ100151', 'MH008',  9, 9, 9), 
(N'BD000852',N'KQ100152', 'MH008',  9, 9, 9), 
(N'BD000853',N'KQ100153', 'MH008',  9, 9, 9), 
(N'BD000854',N'KQ100154', 'MH008',  9, 9, 9), 
(N'BD000855',N'KQ100155', 'MH008',  9, 9, 9), 
(N'BD000856',N'KQ100156', 'MH008',  9, 9, 9), 
(N'BD000857',N'KQ100157', 'MH008',  9, 9, 9),
(N'BD000858',N'KQ100158', 'MH008',  9, 9, 9), 
(N'BD000859',N'KQ100159', 'MH008',  9, 9, 9), 
(N'BD000860',N'KQ100160', 'MH008',  9, 9, 9), 
(N'BD000861',N'KQ100161', 'MH008',  9, 9, 9), 
(N'BD000862',N'KQ100162', 'MH008',  9, 9, 9), 
(N'BD000863',N'KQ100163', 'MH008',  9, 9, 9), 
(N'BD000864',N'KQ100164', 'MH008',  9, 9, 9), 
(N'BD000865',N'KQ100165', 'MH008',  9, 9, 9), 
(N'BD000866',N'KQ100166', 'MH008',  9, 9, 9), 
(N'BD000867',N'KQ100167', 'MH008',  9, 9, 9), 
(N'BD000868',N'KQ100168', 'MH008',  9, 9, 9), 
(N'BD000869',N'KQ100169', 'MH008',  9, 9, 9), 
(N'BD000870',N'KQ100170', 'MH008',  9, 9, 9), 
(N'BD000871',N'KQ100171', 'MH008',  9, 9, 9), 
(N'BD000872',N'KQ100172', 'MH008',  9, 9, 9), 
(N'BD000873',N'KQ100173', 'MH008',  9, 9, 9), 
(N'BD000874',N'KQ100174', 'MH008',  9, 9, 9), 
(N'BD000875',N'KQ100175', 'MH008',  9, 9, 9), 
(N'BD000876',N'KQ100176', 'MH008',  9, 9, 9), 
(N'BD000877',N'KQ100177', 'MH008',  9, 9, 9), 
(N'BD000878',N'KQ100178', 'MH008',  9, 9, 9), 
(N'BD000879',N'KQ100179', 'MH008',  9, 9, 9), 
(N'BD000880',N'KQ100180', 'MH008',  9, 9, 9), 
(N'BD000881',N'KQ100181', 'MH008',  9, 9, 9), 
(N'BD000882',N'KQ100182', 'MH008',  9, 9, 9), 
(N'BD000883',N'KQ100183', 'MH008',  9, 9, 9), 
(N'BD000884',N'KQ100184', 'MH008',  9, 9, 9), 
(N'BD000885',N'KQ100185', 'MH008',  9, 9, 9), 
(N'BD000886',N'KQ100186', 'MH008',  9, 9, 9), 
(N'BD000887',N'KQ100187', 'MH008',  9, 9, 9), 
(N'BD000888',N'KQ100188', 'MH008',  9, 9, 9), 
(N'BD000889',N'KQ100189', 'MH008',  9, 9, 9), 
(N'BD000890',N'KQ100190', 'MH008',  9, 9, 9),

--TheDuc
(N'BD000900',N'KQ100100', 'MH009',  9, 9, 9), 
(N'BD000901',N'KQ100101', 'MH009',  9, 9, 9), 
(N'BD000902',N'KQ100102', 'MH009',  9, 9, 9), 
(N'BD000903',N'KQ100103', 'MH009',  9, 9, 9), 
(N'BD000904',N'KQ100104', 'MH009',  9, 9, 9), 
(N'BD000905',N'KQ100105', 'MH009',  9, 9, 9), 
(N'BD000906',N'KQ100106', 'MH009',  9, 9, 9), 
(N'BD000907',N'KQ100107', 'MH009',  9, 9, 9), 
(N'BD000908',N'KQ100108', 'MH009',  9, 9, 9), 
(N'BD000909',N'KQ100109', 'MH009',  9, 9, 9), 
(N'BD000910',N'KQ100110', 'MH009',  9, 9, 9), 
(N'BD000911',N'KQ100111', 'MH009',  9, 9, 9),
(N'BD000912',N'KQ100112', 'MH009',  9, 9, 9), 
(N'BD000913',N'KQ100113', 'MH009',  9, 9, 9), 
(N'BD000914',N'KQ100114', 'MH009',  9, 9, 9), 
(N'BD000915',N'KQ100115', 'MH009',  9, 9, 9), 
(N'BD000916',N'KQ100116', 'MH009',  9, 9, 9), 
(N'BD000917',N'KQ100117', 'MH009',  9, 9, 9), 
(N'BD000918',N'KQ100118', 'MH009',  9, 9, 9), 
(N'BD000919',N'KQ100119', 'MH009',  9, 9, 9), 
(N'BD000920',N'KQ100120', 'MH009',  9, 9, 9), 
(N'BD000921',N'KQ100121', 'MH009',  9, 9, 9), 
(N'BD000922',N'KQ100122', 'MH009',  9, 9, 9), 
(N'BD000923',N'KQ100123', 'MH009',  9, 9, 9), 
(N'BD000924',N'KQ100124', 'MH009',  9, 9, 9), 
(N'BD000925',N'KQ100125', 'MH009',  9, 9, 9), 
(N'BD000926',N'KQ100126', 'MH009',  9, 9, 9), 
(N'BD000927',N'KQ100127', 'MH009',  9, 9, 9), 
(N'BD000928',N'KQ100128', 'MH009',  9, 9, 9), 
(N'BD000929',N'KQ100129', 'MH009',  9, 9, 9), 
(N'BD000930',N'KQ100130', 'MH009',  9, 9, 9), 
(N'BD000931',N'KQ100131', 'MH009',  9, 9, 9), 
(N'BD000932',N'KQ100132', 'MH009',  9, 9, 9), 
(N'BD000933',N'KQ100133', 'MH009',  9, 9, 9), 
(N'BD000934',N'KQ100134', 'MH009',  9, 9, 9), 
(N'BD000935',N'KQ100135', 'MH009',  9, 9, 9), 
(N'BD000936',N'KQ100136', 'MH009',  9, 9, 9), 
(N'BD000937',N'KQ100137', 'MH009',  9, 9, 9), 
(N'BD000938',N'KQ100138', 'MH009',  9, 9, 9), 
(N'BD000939',N'KQ100139', 'MH009',  9, 9, 9), 
(N'BD000940',N'KQ100140', 'MH009',  9, 9, 9), 
(N'BD000941',N'KQ100141', 'MH009',  9, 9, 9), 
(N'BD000942',N'KQ100142', 'MH009',  9, 9, 9), 
(N'BD000943',N'KQ100143', 'MH009',  9, 9, 9), 
(N'BD000944',N'KQ100144', 'MH009',  9, 9, 9), 
(N'BD000945',N'KQ100145', 'MH009',  9, 9, 9), 
(N'BD000946',N'KQ100146', 'MH009',  9, 9, 9), 
(N'BD000947',N'KQ100147', 'MH009',  9, 9, 9), 
(N'BD000948',N'KQ100148', 'MH009',  9, 9, 9), 
(N'BD000950',N'KQ100150', 'MH009',  9, 9, 9), 
(N'BD000951',N'KQ100151', 'MH009',  9, 9, 9), 
(N'BD000952',N'KQ100152', 'MH009',  9, 9, 9), 
(N'BD000953',N'KQ100153', 'MH009',  9, 9, 9), 
(N'BD000954',N'KQ100154', 'MH009',  9, 9, 9), 
(N'BD000955',N'KQ100155', 'MH009',  9, 9, 9), 
(N'BD000956',N'KQ100156', 'MH009',  9, 9, 9), 
(N'BD000957',N'KQ100157', 'MH009',  9, 9, 9),
(N'BD000958',N'KQ100158', 'MH009',  9, 9, 9), 
(N'BD000959',N'KQ100159', 'MH009',  9, 9, 9), 
(N'BD000960',N'KQ100160', 'MH009',  9, 9, 9), 
(N'BD000961',N'KQ100161', 'MH009',  9, 9, 9), 
(N'BD000962',N'KQ100162', 'MH009',  9, 9, 9), 
(N'BD000963',N'KQ100163', 'MH009',  9, 9, 9), 
(N'BD000964',N'KQ100164', 'MH009',  9, 9, 9), 
(N'BD000965',N'KQ100165', 'MH009',  9, 9, 9), 
(N'BD000966',N'KQ100166', 'MH009',  9, 9, 9), 
(N'BD000967',N'KQ100167', 'MH009',  9, 9, 9), 
(N'BD000968',N'KQ100168', 'MH009',  9, 9, 9), 
(N'BD000969',N'KQ100169', 'MH009',  9, 9, 9), 
(N'BD000970',N'KQ100170', 'MH009',  9, 9, 9), 
(N'BD000971',N'KQ100171', 'MH009',  9, 9, 9), 
(N'BD000972',N'KQ100172', 'MH009',  9, 9, 9), 
(N'BD000973',N'KQ100173', 'MH009',  9, 9, 9), 
(N'BD000974',N'KQ100174', 'MH009',  9, 9, 9), 
(N'BD000975',N'KQ100175', 'MH009',  9, 9, 9), 
(N'BD000976',N'KQ100176', 'MH009',  9, 9, 9), 
(N'BD000977',N'KQ100177', 'MH009',  9, 9, 9), 
(N'BD000978',N'KQ100178', 'MH009',  9, 9, 9), 
(N'BD000979',N'KQ100179', 'MH009',  9, 9, 9), 
(N'BD000980',N'KQ100180', 'MH009',  9, 9, 9), 
(N'BD000981',N'KQ100181', 'MH009',  9, 9, 9), 
(N'BD000982',N'KQ100182', 'MH009',  9, 9, 9), 
(N'BD000983',N'KQ100183', 'MH009',  9, 9, 9), 
(N'BD000984',N'KQ100184', 'MH009',  9, 9, 9), 
(N'BD000985',N'KQ100185', 'MH009',  9, 9, 9), 
(N'BD000986',N'KQ100186', 'MH009',  9, 9, 9), 
(N'BD000987',N'KQ100187', 'MH009',  9, 9, 9), 
(N'BD000988',N'KQ100188', 'MH009',  9, 9, 9), 
(N'BD000989',N'KQ100189', 'MH009',  9, 9, 9), 
(N'BD000990',N'KQ100190', 'MH009',  9, 9, 9)

